Media,Ai,Ac,Bfi,Bf,Bt,Bu,Bx,Ba,Csp,Dl,Ls,Mf,Pm,Bd,Bv,Rg,Af,Ao,As,Bl.s,Col,Cs,Et,Eu.c,Eu.l,Im,Ld,Lsp,Mi,Pc,Va,Vp
Galactose,0.05260379023489888,0.0008037056703555255,0.0,0.0013900323410598735,0.013049949667945739,0.009505214900151696,0.00683020923550245,0.1546779278347787,0.002973388887567485,0.046551092211516217,0.039031234874447956,0.01487330225929316,0.003261898975268351,0.29185003826397454,0.0,0.0,2.7380930908303657e-24,2.7380930908303657e-24,2.7380930908303657e-24,2.7380930908303657e-24,0.006153665319824852,0.061868979671503864,0.01990170144702542,9.306328129327778e-06,0.03466049297027466,0.005268784464319286,1.315161229197058e-19,6.31974104174653e-05,0.07996604266581438,2.7380930908303657e-24,0.1547060443659302,2.7380930908303657e-24
Glucose,0.06218435913175611,0.0008141231362714888,0.0002046000400647692,0.002833788414059202,0.07150376450584014,0.016048084943880346,0.002034846456846762,0.1631716000089853,0.014104597801743448,0.027215198645635045,0.0007926153972725421,0.031121974747667144,0.004138687566983012,0.21050247933277413,0.0003734057029458702,0.0003557862731288502,3.2179549366915035e-24,3.2179549366915035e-24,3.2179549366915035e-24,3.2179549366915035e-24,0.006827597762775248,0.041282512792090505,0.027932835456189437,5.0546143833942e-05,0.05579613277667355,0.007274611605325612,1.5829880252621134e-11,0.0002195943404788806,0.1064145259621912,3.2179549366915035e-24,0.1468017310387576,3.2179549366915035e-24
Oligo_xylose,2.5216477696159603e-05,0.0015755711241907295,0.012832272483998666,0.0,0.009019522477699866,0.10227106836827628,0.035677480667938265,0.18189718495962884,0.003138572515071277,0.07968418241438244,6.572811592896767e-05,0.036440830048151594,0.011265030421954071,0.058134157024917095,0.010666843636565837,0.00015554967272748014,2.0805747403775812e-24,2.0805747403775812e-24,2.0805747403775812e-24,2.0805747403775812e-24,0.023055717618756074,0.04769833717581481,0.04113901519649809,6.140774625274316e-05,0.03825225563979539,0.003405068653780074,1.5723756175667215e-13,2.5764364441174923e-07,0.18075980410656245,2.0805747403775812e-24,0.12277892580961113,2.0805747403775812e-24
Fructose,0.2593986807314867,0.004244682666925451,0.0,0.002007903878471013,0.023251373349875593,0.0477844143441692,0.02040331411385099,0.00024179664551021374,0.028126908756579295,0.04616491284466829,0.03740308903560687,0.05456102330751844,0.0001239667193662639,0.14208639772683834,0.0,1.470645744164864e-05,7.069502480571534e-24,7.069502480571534e-24,7.069502480571534e-24,7.069502480571534e-24,3.1022218014898234e-10,0.05016494668537514,0.06037915160516883,0.00905097976747942,0.03472517806890619,0.006085545590736715,2.374767768776095e-10,4.280801854316744e-07,0.03218928947862018,7.069502480571534e-24,0.14159130959752084,7.069502480571534e-24
Xylan,0.00016343204178442328,0.0006367807016234333,0.023842726565044232,0.0,0.04114226231390301,0.10852559728992067,0.02205992000054534,0.09186787859439165,0.001771635679855407,0.04307947527719549,0.0,0.02392874123403488,0.012785496350504235,0.10372646728847852,0.02759740664924729,0.000168109106723352,2.2822427602944663e-24,2.2822427602944663e-24,2.2822427602944663e-24,2.2822427602944663e-24,0.014384091750030449,0.047732960353610944,0.03282331516303473,0.01096508402904204,0.052753318067410467,0.0031584332396133105,4.4031806599964215e-15,0.00024844728703167523,0.20800758406854924,2.2822427602944663e-24,0.1286308369484208,2.2822427602944663e-24
Xylose,0.0837991452689248,0.0008294214926074556,0.04686025051057499,0.0002022773836195083,0.0975399452356287,0.0031682697496553725,0.007609869073777825,0.1309238408191822,0.0012889923182336721,0.021326427365381453,0.00028315975971232273,0.042429218635053244,0.00010733034193516176,0.06577472002277873,0.0054251466595009986,0.00023677909149075888,1.821854539425878e-24,1.821854539425878e-24,1.821854539425878e-24,1.821854539425878e-24,0.02095734712908055,0.02885385793829737,0.011090043433051816,0.0013116934293597648,0.05845766428655918,0.00808885700410973,1.9430759567832756e-08,0.0010109921145866725,0.253353398866902,1.821854539425878e-24,0.10907133263923612,1.821854539425878e-24
Sucrose,0.08435202840296994,8.56667055609001e-05,0.0,0.0011833551950519582,0.0033723892060567324,0.004211966323399346,0.0012257476899899006,0.056917398037053916,0.010966456300217775,0.0185745416024888,0.003390493102283676,0.0041629455581569256,0.00087450834883911,0.44662089231118046,0.0,1.4063549115015701e-05,1.5815072213021795e-24,1.5815072213021795e-24,1.5815072213021795e-24,1.5815072213021795e-24,0.0028484334827017263,0.06160155043022472,0.0002185263832122911,1.5745172003250858e-07,8.21401532170988e-07,0.009843406095210007,1.0627063280222685e-23,4.172742266813426e-24,0.10669874925529475,1.5815072213021795e-24,0.18283590316773993,1.5815072213021795e-24
Maltose,0.006427057953371288,0.0004360399018826541,0.0,0.00039488102506849993,0.016096182782844182,0.00514886803041086,0.0038881829380839074,0.11410838460884544,0.0009936964845767913,0.007470537973982949,0.00038244443211090214,0.007642836011623059,0.0009119345579720702,0.501683489412521,0.0007860567380788536,0.0,1.935950096306238e-24,1.935950096306238e-24,1.935950096306238e-24,1.935950096306238e-24,2.8482635101803114e-05,0.0636773979922396,7.659207840331013e-16,1.8505364305308966e-12,9.134870592096038e-12,0.01240328221703516,2.5404446330318666e-24,3.0787836040923147e-24,0.06014500571079002,1.935950096306238e-24,0.19737523858247466,1.935950096306238e-24
Rhamonse,0.16652512895619412,0.0001858582034402401,2.6880406619902642e-05,0.0,0.027520065082159456,0.0001557899028070423,3.3490824120561276e-05,1.1520174265668476e-05,0.0009365114676663996,0.011048403357652474,1.9251079423043133e-05,0.016343690225602617,0.000731880590220604,0.2509605349817542,0.061922622835980524,0.013252155405733858,1.832672033339927e-24,1.832672033339927e-24,1.832672033339927e-24,1.832672033339927e-24,0.0032315511813619355,0.04315619353672872,0.001464280731203852,2.589389179470674e-05,0.0025966827608876054,0.009221117188155001,1.363187487788967e-07,0.012235557217121407,0.23412322443484568,1.832672033339927e-24,0.1442715792455116,1.832672033339927e-24
Lactose,0.02070112823613895,0.001463189822238784,0.0,0.019871596353996837,0.059971400811996534,0.012383028417618765,0.007824659325822672,0.35021404024301356,0.0049203638148217,0.06012918878540696,0.015718186011993342,0.003204038173427109,0.03472084736864309,0.12009839740381323,0.00020030037897746328,8.037747174617831e-05,5.019321043438113e-24,5.019321043438113e-24,5.019321043438113e-24,5.019321043438113e-24,0.0030563336200175226,0.03854716476868764,0.04836305451761617,4.990967627460734e-07,0.038542243258756194,5.237403392729094e-13,3.62888727033294e-12,2.6563210912969808e-05,0.01481332649086429,5.019321043438113e-24,0.14515007241257472,5.019321043438113e-24
Ribose,0.03299724385594117,0.0006526137164990716,0.0,0.0001340778523211959,0.04088956717859635,0.0005643400227761514,0.009406730658268572,1.0772352732391252e-05,0.026239249464495826,0.027130345192035984,7.121230065113122e-06,0.006013901197671217,0.001065856371996341,0.527911764675071,0.0,0.003873704700978073,1.788351661418428e-24,1.788351661418428e-24,1.788351661418428e-24,1.788351661418428e-24,5.150069294362933e-07,0.0692911831893105,9.089082581542049e-06,1.8708738366105727e-08,7.244453318130317e-08,0.011231885743122824,5.390159081726031e-24,3.6630678486056935e-24,0.04236191753428204,1.788351661418428e-24,0.20020802982105365,1.788351661418428e-24
Glucuronic_acid,0.09561008543639717,0.0005897670450697069,0.008848520824560226,0.0,0.2878831355384892,0.0,0.0007063959056563103,0.0001187804137156942,0.0061900537595989714,0.06264812267235509,0.0,0.02129598013543796,0.0031164198969352297,0.006308805162066995,0.0,0.0001941915164012061,2.7990332378482437e-24,2.7990332378482437e-24,2.7990332378482437e-24,2.7990332378482437e-24,0.001356501320855686,0.028588474290744837,0.052617253134771585,0.00013403778028885904,0.009906849031520587,0.0029094210559679305,0.007037506287034113,0.033941381803981506,0.2771636709534507,2.7990332378482437e-24,0.09283464603470044,2.7990332378482437e-24
Acetate,0.472899643803568,0.0004556668902643934,0.0,0.000870019317785789,0.026553844226770887,0.00570896325741662,6.729815309538657e-05,2.6919261238172e-05,0.0032425992487971956,0.022482148039265636,0.0,0.20649305344623403,6.719300033870711e-05,0.0005590560258487903,0.0,0.000273444965604283,1.0656854562185691e-23,1.0656854562185691e-23,1.0656854562185691e-23,1.0656854562185691e-23,1.631604510428532e-11,0.009827979842644692,0.009278176643752604,2.5076650252402506e-05,8.686176357443939e-05,0.018654658597412496,0.0002765793480369903,0.005791206336057314,0.097393152198948,1.0656854562185691e-23,0.11896645896677714,1.0656854562185691e-23
Arabinose,0.03723306519767438,0.0013822082553738115,0.0,0.0,0.04900978667256819,0.02063723654870843,0.012941028427515775,0.3427158964191767,0.004537007948492488,0.07650651129124068,0.0,0.018045300981064834,8.592524350339128e-05,0.10368187898132745,0.0004587914958442964,5.4984501681538076e-05,3.92398494295128e-24,3.92398494295128e-24,3.92398494295128e-24,3.92398494295128e-24,0.001777148455282013,0.039442238523515936,0.05953286050614997,5.113361166236207e-06,0.05292371235671012,0.002048756787399771,3.3048770618582608e-15,0.00010302629210664643,0.041707515917150884,3.92398494295128e-24,0.13517000583634323,3.92398494295128e-24
Propionate,0.5714704590705649,0.0012597818803285039,0.0,0.0017597091727475928,0.04330009221692499,0.010341383609421002,0.0,4.240078834095772e-05,0.007264409577018668,0.089215730528286,0.0,0.06281905041830972,0.0,5.564375927561935e-05,0.0,0.0,1.2245760709288302e-23,1.2245760709288302e-23,1.2245760709288302e-23,1.2245760709288302e-23,2.1707196316735444e-13,0.0046115827741515505,0.04743955976086597,2.8475095028374727e-05,3.7201331232067645e-05,1.9596125658499623e-10,0.0004259057027598587,0.0009349618313703047,0.08323564863974343,1.2245760709288302e-23,0.07575800364745215,1.2245760709288302e-23
Mannose,0.09281150780783161,0.0001256541694404407,0.0,0.0028596241525096684,0.046995629060978185,0.011292761419870711,0.00023748580475344708,4.768355835653605e-05,0.025422073053665242,0.005825989233814499,7.715861544774506e-05,0.036672487902508384,0.0006653511111720536,0.4029946896623371,0.0,0.0003261502149574769,7.591749173695556e-24,7.591749173695556e-24,7.591749173695556e-24,7.591749173695556e-24,0.003028017509165853,0.04206659442690277,0.016789034083549766,0.0001885462972906996,0.006102696783259338,0.012382710506173353,1.228294431656046e-05,0.010630537447000986,0.15498552299654153,7.591749173695556e-24,0.12745981123815617,7.591749173695556e-24
N_acetylglutamic_acid,0.12257138200920424,0.0011831063823930143,0.00038949424152800614,0.010729245532849646,0.03847030592658329,0.0031212849235086443,0.00040198639928965197,2.8635808805811184e-05,0.04031520665673179,0.0906188336719051,3.183921717607863e-05,0.014703901681479573,0.005599126006576403,0.09190842666385396,0.13888602129488717,0.0004454191645348647,2.6516779220932207e-24,2.6516779220932207e-24,2.6516779220932207e-24,2.6516779220932207e-24,6.8675516405164e-08,0.04044296391994094,0.09429416652946061,2.702446930546446e-05,0.006528960194901363,0.0036003912573433234,8.739976736776632e-12,0.0017077939263313187,0.17632282420614231,2.6516779220932207e-24,0.11767159123101101,2.6516779220932207e-24
Sugar_mix,0.020491865486949524,0.0003727812274667124,0.002109690874065949,0.0010307492540401495,0.09056008207843419,0.021002588258733662,0.0012522847861809949,0.09537883683796956,0.007648220040932817,0.06907803546159164,2.5380384538901513e-06,0.033039946000444194,0.0046960595494312226,0.16562855180530944,0.0002814315954531575,0.0012276858839933155,2.078936794975538e-24,2.078936794975538e-24,2.078936794975538e-24,2.078936794975538e-24,0.006275307687970899,0.04316269373045584,0.04956152530647915,0.008815449524528939,0.12759892820936977,0.005145420016752657,2.4299884992083165e-14,2.877954229303439e-10,0.1273892098999975,2.078936794975538e-24,0.11825011815717512,2.078936794975538e-24
N_acetylgalactosamine,0.1288058433790724,0.0014909324419888341,0.0007297399544494857,0.019791083870265954,0.023483469836350995,0.006100599047484045,0.00015079108862590062,4.6749189135900364e-05,0.04240648941175424,0.038296285432318104,0.0,0.019907182978093744,0.0,0.003924854231940602,0.25432820965999375,0.0002870270464187409,2.936838032292436e-24,2.936838032292436e-24,2.936838032292436e-24,2.936838032292436e-24,2.1371404857140728e-10,0.028957326515604703,0.0730518320087707,1.3978443362537561e-05,0.00036860293565284594,0.002486545255383906,0.00010878928509795836,0.02187403643777858,0.21636336178103255,2.936838032292436e-24,0.11702626955570943,2.936838032292436e-24
Water,0.3904146329282054,0.010849526355070438,0.0,0.0,0.12361390378020047,0.03513204112595003,0.0,0.0004081578587375124,0.027636476887234588,0.12717646951962117,0.0,0.0864634457792775,0.0,0.0004066895444274237,3.015645148579382e-05,0.00192752219144977,1.4562604551345665e-23,1.4562604551345665e-23,1.4562604551345665e-23,1.4562604551345665e-23,3.6348364855515585e-15,0.0008890623940883143,0.11589872843382942,5.371213259530064e-06,5.715487135177502e-06,0.004011578872200993,2.4419082054605443e-07,2.05442214792565e-06,0.013459424604731964,1.4562604551345665e-23,0.061668797960122416,1.4562604551345665e-23
Urea,0.4662977998461792,0.008045452760229872,0.0,4.605438567969138e-05,0.17139194816220168,0.015200142420506851,0.0,0.00027461447335004846,0.023622582889684707,0.07903515889762858,0.0,0.07666296012103488,0.0,5.955473705970222e-05,0.0,0.0005826999302621249,1.2797028957063254e-23,1.2797028957063254e-23,1.2797028957063254e-23,1.2797028957063254e-23,6.438363556714533e-15,0.00027655349829622754,0.06455768172639562,2.1642467674884296e-06,1.5616386892031603e-06,4.675332718492187e-08,3.479607847714661e-10,2.5588074371155435e-07,0.0055474670460223564,1.2797028957063254e-23,0.08839530023797364,1.2797028957063254e-23
Butyrate,0.5172276546811038,0.008045349096783424,0.0,5.699360990805404e-05,0.04362318150796976,0.04210090450195018,0.0,0.001815154491976562,0.019425274370474584,0.11480665327860064,0.0,0.0013465655858641787,0.0,0.0,1.8161200728623168e-06,0.0005694139059581087,1.1309586507708552e-23,1.1309586507708552e-23,1.1309586507708552e-23,1.1309586507708552e-23,8.598250011893331e-14,0.013705046066534611,0.09235439476170805,1.9918093956637187e-05,0.00045794475396525726,8.431702556156536e-14,3.60790494844388e-05,0.0009062814168838085,0.062174883990462455,1.1309586507708552e-23,0.0813264907161723,1.1309586507708552e-23
Glutamate,0.42901142248094154,0.005487856225089756,0.0,0.0014811996557211864,0.1499107354079501,0.022795562950073327,0.0,7.933133135725927e-05,0.011974424467951534,0.08438976447671881,0.0,0.0063740129988275815,0.0,2.5368355488286274e-05,8.379717308081854e-05,0.00042051428848990393,1.3054363861565829e-23,1.3054363861565829e-23,1.3054363861565829e-23,1.3054363861565829e-23,5.762036884012997e-06,0.00898326955319697,0.04447333198331579,4.8350646402142956e-05,0.0012476560366864605,1.2762163315847462e-06,0.006427318353693833,0.021006328960040777,0.15562369990622107,1.3054363861565829e-23,0.05014901649553719,1.3054363861565829e-23
Succinate,0.6310698455981026,0.008039568475445612,0.0,0.0,0.1536102199574947,0.0279160868884696,0.0,0.0005717959278518865,0.02190695825060986,0.07866893373162802,0.0,0.0425243718327979,0.0,0.0001986728801917586,0.0,0.0008671250836141102,2.709905523567252e-23,2.709905523567252e-23,2.709905523567252e-23,2.709905523567252e-23,2.2064264586485868e-18,9.63058855837454e-11,0.021666747774633673,5.402786848543591e-13,4.839254575099602e-13,6.147246592076237e-14,2.215727061593006e-15,9.919094555865258e-14,1.7989652686349644e-10,2.709905523567252e-23,0.012959673321770789,2.709905523567252e-23
Acid_mix,0.26941795999453005,0.007193624496534633,0.0,0.009797221302896167,0.07552492749520064,0.027618130678798463,0.0,0.0008658855281318507,0.010371600353489314,0.15305964102266478,0.0,0.21307657747164518,0.0,0.0036835516842704127,0.0,0.0009196749129705756,1.924573188971579e-23,1.924573188971579e-23,1.924573188971579e-23,1.924573188971579e-23,3.5020978504819154e-10,0.02016582330007786,0.07966791514269478,6.800767964109754e-06,7.859794910025963e-05,0.017508098079079614,2.4014293562763554e-15,0.0006102189673010141,0.04196285372645342,1.924573188971579e-23,0.06847089677598464,1.924573188971579e-23
Pyruvate,0.0018149840955851869,0.008550460522903343,0.0,0.0,0.3453164363064163,0.056166594056691534,0.08870016065479112,0.0010311912712188736,0.016689877040562563,0.09154764690120094,0.0,0.00019179133103152215,6.866619897844587e-05,0.007822055266649397,0.0006179957908065006,0.0,0.020833333333333332,0.020833333333333332,0.020833333333333332,0.020833333333333332,0.020833333333333332,0.020944681703643036,0.0688707921918041,0.020833333333333332,0.020833333333333332,0.020833333333333332,0.020833333333333332,0.02083333333333334,0.020833333333333332,0.020833333333333332,0.02083333333438379,0.020833333333333332
Host_sugar_mix,0.039876897181048886,0.0005737158573722853,0.007082682165551909,0.00021257783055248243,0.06797425317205111,0.021809676477672,0.0009524012517939689,0.11263218855112485,0.007003156421747926,0.015745645952304405,0.000309037966641868,0.0008621252293880649,0.006007771517846691,0.31306591562371744,0.0013695912050841535,0.003686393204426486,1.9763316531019636e-24,1.9763316531019636e-24,1.9763316531019636e-24,1.9763316531019636e-24,0.00960955350016301,0.0518709542349306,0.001564019097092653,0.0007162271666243584,0.004581226341545946,0.005409909662005877,3.686751405899041e-21,2.1931400939991207e-20,0.1661932182355769,1.9763316531019636e-24,0.16089086215373616,1.9763316531019636e-24
Lactate,0.2290218090387047,0.035840722241815004,0.0,0.019181966005777203,0.07350691960510715,0.08332633890487055,0.0007107322803482152,0.0013452290910664234,0.006280105330624764,0.20592184421795448,0.0,0.1168305960442726,0.0,0.057116653238297406,0.0,0.00179519168500455,2.774569781657515e-23,2.774569781657515e-23,2.774569781657515e-23,2.774569781657515e-23,1.943856364877327e-15,0.01628207155001946,0.10488002819734411,7.92160722766001e-11,1.4761850591254167e-09,1.537193429238334e-11,2.0485580714025585e-07,2.442839668307403e-09,9.24647126532972e-09,2.774569781657515e-23,0.04795957445290028,2.774569781657515e-23
Master_mix,0.09785106753337784,0.00042953577539718655,0.018837550424449626,0.00011834710719716145,0.023692667626074294,0.010173311160177632,0.0017436560003923007,0.0784273779044999,0.007928932206493806,0.029819666038462422,0.0,0.015785838274820555,0.00757136773194327,0.29032628588758247,0.001387800203830872,0.00375685528688537,2.3955793040717874e-24,2.3955793040717874e-24,2.3955793040717874e-24,2.3955793040717874e-24,0.003046241450072325,0.04954651836176668,0.019216052044156787,0.000770023972858126,0.04916901366716845,0.006676911055791768,2.2105898203551473e-06,0.009143227842624896,0.12183725203120616,2.3955793040717874e-24,0.15274228982294977,2.3955793040717874e-24
Fucose,0.283865901877365,0.002604199234781972,0.0,0.0032672978972691363,0.07581549241562964,0.006503723806291377,0.02387080905036737,0.000160979063404477,0.004893468533456221,0.11010206727073775,0.0,0.034271588525660805,2.163008863819702e-05,0.014471501478519687,0.0008443976492144662,0.0074034437372548995,4.170354274101919e-24,4.170354274101919e-24,4.170354274101919e-24,4.170354274101919e-24,1.1995721987860727e-08,0.03356863849837933,0.07690238882629584,6.790500685940976e-05,0.0026917436274551594,1.575099379769644e-05,0.007121355792279648,0.023942632197188878,0.18628842181339478,4.170354274101919e-24,0.10130465062003634,4.170354274101919e-24
blank,0.19569902388426227,0.0038215566805731523,0.0,0.0,0.10648485829766678,0.002206321408618306,0.0,0.024905235888638657,0.01279273892312901,0.08262461463581829,0.0,0.011121648925273411,0.0,0.09999999999991514,0.11188495736251625,0.0,0.020833333333333332,0.020833333333333332,0.020833333333333332,0.020833333333333332,0.020833333333333332,0.020833333333333426,0.03595904399357247,0.020833333333333332,0.020833333333333332,0.020833333333333332,0.020833333333333332,0.020833333333333332,0.020833333333333332,0.020833333333333332,0.020833333333349458,0.020833333333333332
Sialic_acid,0.14005131033961699,0.00020591864486062183,0.0,0.14624599984669348,0.003999689531318376,0.0036378193543027877,0.01238407559782894,0.0916183012373916,0.003370147756843161,0.010079451817470246,0.0,0.11189221305340151,0.0,0.021349477654937905,0.0037173594945520134,0.0001456449839377656,3.0978912592242428e-24,3.0978912592242428e-24,3.0978912592242428e-24,3.0978912592242428e-24,0.004298457973185698,0.021728342078426683,0.009619200366743763,0.0012854620243885793,0.01763442330456903,0.014239645486754127,2.118481374430586e-09,0.004793915344894146,0.2627980506073333,3.0978912592242428e-24,0.11490509138206795,3.0978912592242428e-24
