"condition","focal_species","donor_species","observed_yield","resource_only_prediction","cofactor_prediction","is_ld","observed_plot","resource_only_plot","cofactor_plot"
"double_spent","Col","Cs",0.013,0.0556521093015738,0.0136390706672061,FALSE,0.013,0.0556521093015738,0.0136390706672061
"double_spent","Col","Et",0.00700000000000001,0.0556521093015738,0.0261115893296791,FALSE,0.00700000000000001,0.0556521093015738,0.0261115893296791
"double_spent","Col","Eu.c",0.00966666666666666,0.0556521093015738,0.00997149613401828,FALSE,0.00966666666666666,0.0556521093015738,0.00997149613401828
"double_spent","Col","Eu.l",0.00449999999999999,0.0556521093015738,0.00823519048512626,FALSE,0.00449999999999999,0.0556521093015738,0.00823519048512626
"double_spent","Col","Im",0.029,0.0556521093015738,0.0234916180045947,FALSE,0.029,0.0556521093015738,0.0234916180045947
"double_spent","Col","Ld",0.0276666666666667,0.0556521093015738,0.0174003712373526,FALSE,0.0276666666666667,0.0556521093015738,0.0174003712373526
"double_spent","Col","Lsp",0.0593333333333333,0.0556521093015738,0.0332065959905219,FALSE,0.0593333333333333,0.0556521093015738,0.0332065959905219
"double_spent","Col","Mi",0.00800000000000001,0.0556521093015738,0.0152750751552638,FALSE,0.00800000000000001,0.0556521093015738,0.0152750751552638
"double_spent","Col","Va",0.3225,0.0556521093015738,0.0556521093015738,FALSE,0.3225,0.0556521093015738,0.0556521093015738
"monoculture_full_bt","Col",NA,0.105,0.0556521093015738,0.0556521093015738,FALSE,0.105,0.0556521093015738,0.0556521093015738
"double_spent","Cs","Col",0.1075,0.0348570034707995,0.0348570034707995,FALSE,0.1075,0.0348570034707995,0.0348570034707995
"double_spent","Cs","Et",0.0965,0.0348570034707995,0.0348570034707995,FALSE,0.0965,0.0348570034707995,0.0348570034707995
"double_spent","Cs","Eu.c",0.008,0.0348570034707995,0.0174252618763768,FALSE,0.008,0.0348570034707995,0.0174252618763768
"double_spent","Cs","Eu.l",0.0675,0.0348570034707995,0.0143910551512539,FALSE,0.0675,0.0348570034707995,0.0143910551512539
"double_spent","Cs","Im",0.1005,0.0348570034707995,0.0348570034707995,FALSE,0.1005,0.0348570034707995,0.0348570034707995
"double_spent","Cs","Ld",0.00566666666666667,0.0348570034707995,0.0304072750449797,FALSE,0.00566666666666667,0.0348570034707995,0.0304072750449797
"double_spent","Cs","Lsp",0.00833333333333331,0.0348570034707995,0.0348570034707995,FALSE,0.00833333333333331,0.0348570034707995,0.0348570034707995
"double_spent","Cs","Mi",0.044,0.0348570034707995,0.0266933047141992,FALSE,0.044,0.0348570034707995,0.0266933047141992
"double_spent","Cs","Va",0.05,0.0348570034707995,0.0348570034707995,FALSE,0.05,0.0348570034707995,0.0348570034707995
"monoculture_full_bt","Cs",NA,0.018,0.0348570034707995,0.0348570034707995,FALSE,0.018,0.0348570034707995,0.0348570034707995
"double_spent","Et","Col",0.0105,0.0143196890014397,0.00722122457707627,FALSE,0.0105,0.0143196890014397,0.00722122457707627
"double_spent","Et","Cs",0.001,0.0143196890014397,0.00486787697435772,FALSE,0.001,0.0143196890014397,0.00486787697435772
"double_spent","Et","Eu.c",0.00166666666666667,0.0143196890014397,0.00355889470881581,FALSE,0.00166666666666667,0.0143196890014397,0.00355889470881581
"double_spent","Et","Eu.l",5e-04,0.0143196890014397,0.0029391954276169,FALSE,0.001,0.0143196890014397,0.0029391954276169
"double_spent","Et","Im",0.0135,0.0143196890014397,0.00838431804961086,FALSE,0.0135,0.0143196890014397,0.00838431804961086
"double_spent","Et","Ld",0.00533333333333332,0.0143196890014397,0.00621031069919198,FALSE,0.00533333333333332,0.0143196890014397,0.00621031069919198
"double_spent","Et","Lsp",0.013,0.0143196890014397,0.0118516596887883,FALSE,0.013,0.0143196890014397,0.0118516596887883
"double_spent","Et","Mi",0.00833333333333333,0.0143196890014397,0.00545177808988683,FALSE,0.00833333333333333,0.0143196890014397,0.00545177808988683
"double_spent","Et","Va",0.0225,0.0143196890014397,0.0143196890014397,FALSE,0.0225,0.0143196890014397,0.0143196890014397
"monoculture_full_bt","Et",NA,0.00966666666666666,0.0143196890014397,0.0143196890014397,FALSE,0.00966666666666666,0.0143196890014397,0.0143196890014397
"double_spent","Eu.c","Col",0.4815,0.415206959908274,0.372431992086915,FALSE,0.4815,0.415206959908274,0.372431992086915
"double_spent","Eu.c","Cs",0.4215,0.415206959908274,0.251058958137,FALSE,0.4215,0.415206959908274,0.251058958137
"double_spent","Eu.c","Et",0.465,0.415206959908274,0.415206959908274,FALSE,0.465,0.415206959908274,0.415206959908274
"double_spent","Eu.c","Eu.l",0.0055,0.0597042118192824,0.0597042118192824,FALSE,0.0055,0.0597042118192824,0.0597042118192824
"double_spent","Eu.c","Im",0.4025,0.415206959908274,0.415206959908274,FALSE,0.4025,0.415206959908274,0.415206959908274
"double_spent","Eu.c","Ld",0.420666666666667,0.415206959908274,0.320294481980396,FALSE,0.420666666666667,0.415206959908274,0.320294481980396
"double_spent","Eu.c","Lsp",0.496,0.415206959908274,0.415206959908274,FALSE,0.496,0.415206959908274,0.415206959908274
"double_spent","Eu.c","Mi",0.155,0.0597042131360569,0.0597042131360569,FALSE,0.155,0.0597042131360569,0.0597042131360569
"double_spent","Eu.c","Va",0.423,0.415206959908274,0.415206959908274,FALSE,0.423,0.415206959908274,0.415206959908274
"monoculture_full_bt","Eu.c",NA,0.365,0.415206959908274,0.415206959908274,FALSE,0.365,0.415206959908274,0.415206959908274
"double_spent","Eu.l","Col",0.5675,0.471009594185882,0.4691824702894,FALSE,0.5675,0.471009594185882,0.4691824702894
"double_spent","Eu.l","Cs",0.6265,0.471009594185882,0.316279118522964,FALSE,0.6265,0.471009594185882,0.316279118522964
"double_spent","Eu.l","Et",0.7225,0.471009594185882,0.471009594185882,FALSE,0.7225,0.471009594185882,0.471009594185882
"double_spent","Eu.l","Eu.c",0.201333333333333,0.11550684609689,0.11550684609689,FALSE,0.201333333333333,0.11550684609689,0.11550684609689
"double_spent","Eu.l","Im",0.3765,0.471009594185882,0.471009594185882,FALSE,0.3765,0.471009594185882,0.471009594185882
"double_spent","Eu.l","Ld",0.721,0.471009594185882,0.403500664466429,FALSE,0.721,0.471009594185882,0.403500664466429
"double_spent","Eu.l","Lsp",0.572666666666667,0.471009594185882,0.471009594185882,FALSE,0.572666666666667,0.471009594185882,0.471009594185882
"double_spent","Eu.l","Mi",0.062,0.115506847413664,0.115506847413664,FALSE,0.062,0.115506847413664,0.115506847413664
"double_spent","Eu.l","Va",0.8235,0.471009594185882,0.471009594185882,FALSE,0.8235,0.471009594185882,0.471009594185882
"monoculture_full_bt","Eu.l",NA,0.482333333333333,0.471009594185882,0.471009594185882,FALSE,0.482333333333333,0.471009594185882,0.471009594185882
"double_spent","Im","Col",0.00850000000000001,0.0133886590016554,0.0133886590016554,FALSE,0.00850000000000001,0.0133886590016554,0.0133886590016554
"double_spent","Im","Cs",0.00850000000000001,0.0133886590016554,0.010766344864456,FALSE,0.00850000000000001,0.0133886590016554,0.010766344864456
"double_spent","Im","Et",0.012,0.0133886590016554,0.0133886590016554,FALSE,0.012,0.0133886590016554,0.0133886590016554
"double_spent","Im","Eu.c",0.0166666666666667,0.0133886590016554,0.00787125228785268,FALSE,0.0166666666666667,0.0133886590016554,0.00787125228785268
"double_spent","Im","Eu.l",0.00349999999999999,0.0133886590016554,0.00650065557622908,FALSE,0.00349999999999999,0.0133886590016554,0.00650065557622908
"double_spent","Im","Ld",0.0403333333333333,0.0133886590016554,0.0133886590016554,FALSE,0.0403333333333333,0.0133886590016554,0.0133886590016554
"double_spent","Im","Lsp",0.0166666666666667,0.0133886590016554,0.0133886590016554,FALSE,0.0166666666666667,0.0133886590016554,0.0133886590016554
"double_spent","Im","Mi",0.00699999999999998,0.0133886590016554,0.0120577663218268,FALSE,0.00699999999999998,0.0133886590016554,0.0120577663218268
"double_spent","Im","Va",0.0145,0.0133886590016554,0.0133886590016554,FALSE,0.0145,0.0133886590016554,0.0133886590016554
"monoculture_full_bt","Im",NA,0.012,0.0133886590016554,0.0133886590016554,FALSE,0.012,0.0133886590016554,0.0133886590016554
"double_spent","Ld","Col",0.00799999999999999,0.113500014275422,0.00735246854370048,TRUE,0.00799999999999999,0.113500014275422,0.00735246854370048
"double_spent","Ld","Cs",0.0035,0.113500014275422,0.00495634943167217,TRUE,0.0035,0.113500014275422,0.00495634943167217
"double_spent","Ld","Et",0.015,0.113500014275422,0.00948878146407631,TRUE,0.015,0.113500014275422,0.00948878146407631
"double_spent","Ld","Eu.c",0.00466666666666666,0.113500014275422,0.0036235767379367,TRUE,0.00466666666666666,0.113500014275422,0.0036235767379367
"double_spent","Ld","Eu.l",0.0015,0.113500014275422,0.00299261457591881,TRUE,0.0015,0.113500014275422,0.00299261457591881
"double_spent","Ld","Im",0.00750000000000001,0.113500014275422,0.00853670095177999,TRUE,0.00750000000000001,0.113500014275422,0.00853670095177999
"double_spent","Ld","Lsp",0.00566666666666665,0.113500014275422,0.0120670606657327,TRUE,0.00566666666666665,0.113500014275422,0.0120670606657327
"double_spent","Ld","Mi",0.0156666666666667,0.113500014275422,0.00555086280523319,TRUE,0.0156666666666667,0.113500014275422,0.00555086280523319
"double_spent","Ld","Va",0.1055,0.113500014275422,0.113116149217678,TRUE,0.1055,0.113500014275422,0.113116149217678
"monoculture_full_bt","Ld",NA,0.1135,0.113500014275422,0.113500014275422,TRUE,0.1135,0.113500014275422,0.113500014275422
"double_spent","Lsp","Col",0.1,0.12176495165157,0.0726737766127048,FALSE,0.1,0.12176495165157,0.0726737766127048
"double_spent","Lsp","Cs",0.022,0.12176495165157,0.0489898908469948,FALSE,0.022,0.12176495165157,0.0489898908469948
"double_spent","Lsp","Et",0.2775,0.12176495165157,0.093789668102407,FALSE,0.2775,0.12176495165157,0.093789668102407
"double_spent","Lsp","Eu.c",0.0393333333333333,0.12176495165157,0.0358164070783317,FALSE,0.0393333333333333,0.12176495165157,0.0358164070783317
"double_spent","Lsp","Eu.l",0.014,0.12176495165157,0.0295798073647777,FALSE,0.014,0.12176495165157,0.0295798073647777
"double_spent","Lsp","Im",0.046,0.12176495165157,0.0843790482464112,FALSE,0.046,0.12176495165157,0.0843790482464112
"double_spent","Lsp","Ld",0.0846666666666667,0.12176495165157,0.0625000271950138,FALSE,0.0846666666666667,0.12176495165157,0.0625000271950138
"double_spent","Lsp","Mi",0.086,0.12176495165157,0.0548662209321412,FALSE,0.086,0.12176495165157,0.0548662209321412
"double_spent","Lsp","Va",0.2785,0.12176495165157,0.12176495165157,FALSE,0.2785,0.12176495165157,0.12176495165157
"monoculture_full_bt","Lsp",NA,0.132,0.12176495165157,0.12176495165157,FALSE,0.132,0.12176495165157,0.12176495165157
"double_spent","Mi","Col",0.496,0.609474461324132,0.454854684676432,FALSE,0.496,0.609474461324132,0.454854684676432
"double_spent","Mi","Cs",0.3135,0.609474461324132,0.306620660053149,FALSE,0.3135,0.609474461324132,0.306620660053149
"double_spent","Mi","Et",0.511,0.609474461324132,0.587016003557597,FALSE,0.511,0.609474461324132,0.587016003557597
"double_spent","Mi","Eu.c",0.0176666666666667,0.253971714551915,0.224169725411095,FALSE,0.0176666666666667,0.253971714551915,0.224169725411095
"double_spent","Mi","Eu.l",0.294,0.253971714551915,0.185135747429196,FALSE,0.294,0.253971714551915,0.185135747429196
"double_spent","Mi","Im",0.3845,0.609474461324132,0.528116291354387,FALSE,0.3845,0.609474461324132,0.528116291354387
"double_spent","Mi","Ld",0.770666666666667,0.609474461324132,0.391178654627488,FALSE,0.770666666666667,0.609474461324132,0.391178654627488
"double_spent","Mi","Lsp",0.525333333333333,0.609474461324132,0.609474461324132,FALSE,0.525333333333333,0.609474461324132,0.609474461324132
"double_spent","Mi","Va",0.6515,0.555970214686963,0.555970214686963,FALSE,0.6515,0.555970214686963,0.555970214686963
"monoculture_full_bt","Mi",NA,0.613,0.609474461324132,0.609474461324132,FALSE,0.613,0.609474461324132,0.609474461324132
"double_spent","Va","Col",0.097,0.145907602923866,0.145907602923866,FALSE,0.097,0.145907602923866,0.145907602923866
"double_spent","Va","Cs",0.0805,0.145907602923866,0.127072717956737,FALSE,0.0805,0.145907602923866,0.127072717956737
"double_spent","Va","Et",0.1275,0.145907602923866,0.145907602923866,FALSE,0.1275,0.145907602923866,0.145907602923866
"double_spent","Va","Eu.c",0.131,0.145907602923866,0.0929025992138479,FALSE,0.131,0.145907602923866,0.0929025992138479
"double_spent","Va","Eu.l",0.156,0.145907602923866,0.0767257581817938,FALSE,0.156,0.145907602923866,0.0767257581817938
"double_spent","Va","Im",0.095,0.145907602923866,0.145907602923866,FALSE,0.095,0.145907602923866,0.145907602923866
"double_spent","Va","Ld",0.0176666666666667,0.145907602923866,0.145907602923866,FALSE,0.0176666666666667,0.145907602923866,0.145907602923866
"double_spent","Va","Lsp",0.147333333333333,0.145907602923866,0.145907602923866,FALSE,0.147333333333333,0.145907602923866,0.145907602923866
"double_spent","Va","Mi",0.09,0.0924033562866971,0.0924033562866971,FALSE,0.09,0.0924033562866971,0.0924033562866971
"monoculture_full_bt","Va",NA,0.192,0.145907602923866,0.145907602923866,FALSE,0.192,0.145907602923866,0.145907602923866
