pair,grower,nongrower,universal_shared,additional_nongrower_lag_h,production_branch,grower_signed_log2_error,nongrower_signed_log2_error,mean_abs_log2_error,rmse_log2_error
Ai_Af,Ai,Af,True,4.0,prod_prior-0p3,0.28015324336293496,-7.463495438101837,3.8718243407323856,5.281204881195848
Ai_Ao,Ai,Ao,True,4.0,prod_prior-0p3,0.5639638337178204,-8.337884672816436,4.450924253267129,5.909245976557794
Ai_As,Ai,As,True,4.0,prod_prior-0p3,0.46753131740263426,-8.112694646730919,4.290112982066777,5.746059517784721
Ai_Bl.s,Ai,Bl.s,True,4.0,prod_prior-0p3,0.0,0.0,0.0,0.0
Ai_Col,Ai,Col,True,4.0,prod_prior-0p3,-1.531543554847633,1.4618597809099143,1.4967016678787737,1.4971071570594583
Ai_Cs,Ai,Cs,True,4.0,prod_prior-0p3,-1.9585860905652894,5.826536619948238,3.8925613552567633,4.346526685628057
Ai_Et,Ai,Et,True,4.0,prod_prior-0p3,-1.8684299963230844,3.495212556968421,2.6818212766457528,2.8024579809115435
Ai_Eu.c,Ai,Eu.c,True,4.0,prod_prior-0p3,-1.9640821883482398,2.6247006700077535,2.2943914291779968,2.3180457771284373
Ai_Eu.l,Ai,Eu.l,True,4.0,prod_prior-0p3,-2.1650064390238257,9.601805816236766,5.883406127630296,6.959954303504184
Ai_Im,Ai,Im,True,4.0,prod_prior-0p3,-1.9409875735353264,5.422134649856865,3.681561111696096,4.0722829544247645
Ai_Ld,Ai,Ld,True,4.0,prod_prior-0p3,-2.0189290947453764,9.557001691499408,5.787965393122392,6.906965904828687
Ai_Lsp,Ai,Lsp,True,4.0,prod_prior-0p3,-2.022991234629025,9.558329823655095,5.79066052914206,6.908478940879834
Ai_Mi,Ai,Mi,True,4.0,prod_prior-0p3,-2.202147278763482,5.185842741882075,3.6939950103227783,3.9838685709305475
Ai_Pc,Ai,Pc,True,4.0,prod_prior-0p3,0.0,0.0,0.0,0.0
Ai_Va,Ai,Va,True,4.0,prod_prior-0p3,-1.9829076085915953,4.406305090539987,3.194606349565791,3.416683123668995
Ai_Vp,Ai,Vp,True,4.0,prod_prior-0p3,0.09688528567372108,-6.021267743987322,3.059076514830522,4.258230383819214
Ac_Af,Ac,Af,True,4.0,prod_prior-0p3,0.2512795468362572,-7.3205664243832365,3.785922985609747,5.179470734759749
Ac_Ao,Ac,Ao,True,4.0,prod_prior-0p3,0.0256475970247769,-4.13918058451551,2.0824140907701434,2.9268988460880663
Ac_As,Ac,As,True,4.0,prod_prior-0p3,0.0,0.0,0.0,0.0
Ac_Bl.s,Ac,Bl.s,True,4.0,prod_prior-0p3,0.0,0.0,0.0,0.0
Ac_Col,Ac,Col,True,4.0,prod_prior-0p3,-0.14244729735887665,1.3873932806282592,0.7649202889935679,0.9861925135736156
Ac_Cs,Ac,Cs,True,4.0,prod_prior-0p3,-0.07974979686110918,1.745474877086192,0.9126123369736506,1.2355247016224413
Ac_Et,Ac,Et,True,4.0,prod_prior-0p3,0.19556244492908662,-4.375056139041381,2.2853092919852336,3.0967209181350452
Ac_Eu.c,Ac,Eu.c,True,4.0,prod_prior-0p3,0.04396764397413735,-4.907675958354837,2.475821801164487,3.470390213357188
Ac_Eu.l,Ac,Eu.l,True,4.0,prod_prior-0p3,-1.1553638200030336e-11,0.0,5.776819100015168e-12,8.169655918617387e-12
Ac_Im,Ac,Im,True,4.0,prod_prior-0p3,0.11709923330767377,-6.2846678331888075,3.200883533248241,4.444702577448762
Ac_Ld,Ac,Ld,True,4.0,prod_prior-0p3,3.478322291303444e-05,0.0,1.739161145651722e-05,2.459545279332995e-05
Ac_Lsp,Ac,Lsp,True,4.0,prod_prior-0p3,-0.16722460396518024,6.775255678433147,3.4712401411991634,4.792288262214196
Ac_Mi,Ac,Mi,True,4.0,prod_prior-0p3,0.06344737574642267,-5.427114789040498,2.7452810823934604,3.837811909337872
Ac_Pc,Ac,Pc,True,4.0,prod_prior-0p3,0.0,0.0,0.0,0.0
Ac_Va,Ac,Va,True,4.0,prod_prior-0p3,-0.24493446175405656,1.8475136101571754,1.046224035955616,1.3178200617441573
Ac_Vp,Ac,Vp,True,4.0,prod_prior-0p3,0.023459140331179754,-4.011598192177077,2.0175286662541283,2.8366767869060685
Bfi_Af,Bfi,Af,True,4.0,prod_prior-0p3,0.0,0.0,0.0,0.0
Bfi_Ao,Bfi,Ao,True,4.0,prod_prior-0p3,0.0008150659971528345,0.0,0.00040753299857641725,0.0005763386937013445
Bfi_As,Bfi,As,True,4.0,prod_prior-0p3,0.0,0.0,0.0,0.0
Bfi_Col,Bfi,Col,True,4.0,prod_prior-0p3,0.7493137394928837,-1.7186643887959896,1.2339890641444367,1.325759850332688
Bfi_Cs,Bfi,Cs,True,4.0,prod_prior-0p3,0.2715989960100673,-2.9918523747096195,1.6317256853598434,2.1242582995823818
Bfi_Et,Bfi,Et,True,4.0,prod_prior-0p3,0.3953882446529497,-7.905177891828875,4.150283068240912,5.596792356585589
Bfi_Eu.c,Bfi,Eu.c,True,4.0,prod_prior-0p3,-0.21458668048357005,0.7161456940766582,0.46536618728011414,0.5286360272368391
Bfi_Eu.l,Bfi,Eu.l,True,4.0,prod_prior-0p3,-0.37594911261085456,7.841732343009102,4.108840727809978,5.551310830545697
Bfi_Im,Bfi,Im,True,4.0,prod_prior-0p3,0.5412673695308887,-8.289248962471579,4.415258166001234,5.873866645028428
Bfi_Ld,Bfi,Ld,True,4.0,prod_prior-0p3,1.9511860144963948,-2.5149329807870378,2.233059497641716,2.2507792829392113
Bfi_Lsp,Bfi,Lsp,True,4.0,prod_prior-0p3,0.09642695828600228,-6.023535848137398,3.0599814032117005,4.259828768394371
Bfi_Mi,Bfi,Mi,True,4.0,prod_prior-0p3,1.4098237900218598,-0.8998405962475418,1.1548321931347008,1.1826487681401296
Bfi_Pc,Bfi,Pc,True,4.0,prod_prior-0p3,0.0,0.0,0.0,0.0
Bfi_Va,Bfi,Va,True,4.0,prod_prior-0p3,0.8443105752053894,-1.694861232692331,1.2695859039488602,1.3389202637735795
Bfi_Vp,Bfi,Vp,True,4.0,prod_prior-0p3,0.06173039553151847,-5.3883876134654916,2.725059004498505,3.8104154441924583
Bf_Af,Bf,Af,True,4.0,prod_prior-0p3,0.0020394241026917385,-0.49837585326206385,0.2502076386823778,0.3524078960277145
Bf_Ao,Bf,Ao,True,4.0,prod_prior-0p3,0.0010712853335861812,0.0,0.0005356426667930906,0.0007575131239644814
Bf_As,Bf,As,True,4.0,prod_prior-0p3,0.0,0.0,0.0,0.0
Bf_Bl.s,Bf,Bl.s,True,4.0,prod_prior-0p3,0.003464217929685718,-1.2620315557757384,0.6327478868527121,0.8923944331346972
Bf_Col,Bf,Col,True,4.0,prod_prior-0p3,0.1763617945801293,-1.6342153515390523,0.9052885730595908,1.1622743432153684
Bf_Cs,Bf,Cs,True,4.0,prod_prior-0p3,-0.039898995305069525,1.7590519466361618,0.8994754709706156,1.2441574821522443
Bf_Et,Bf,Et,True,4.0,prod_prior-0p3,0.39929889853896017,-7.91751133848691,4.158405118512935,5.605641150013226
Bf_Eu.c,Bf,Eu.c,True,4.0,prod_prior-0p3,0.018836474464019114,-0.036463195444893945,0.02764983495445653,0.0290204875242145
Bf_Eu.l,Bf,Eu.l,True,4.0,prod_prior-0p3,-0.605459758061235,8.420962805694815,4.513211281878025,5.969890957694582
Bf_Im,Bf,Im,True,4.0,prod_prior-0p3,0.3163643519211855,-7.621384137528182,3.9688742447246836,5.393773381174477
Bf_Ld,Bf,Ld,True,4.0,prod_prior-0p3,0.35413074490491514,-7.765926670448185,4.06002870767655,5.497045826408279
Bf_Lsp,Bf,Lsp,True,4.0,prod_prior-0p3,-5.280041424685389e-06,0.0,2.6400207123426946e-06,3.733553096340918e-06
Bf_Mi,Bf,Mi,True,4.0,prod_prior-0p3,-0.6558640990596409,2.364471751903533,1.510167925481587,1.7350625899351697
Bf_Pc,Bf,Pc,True,4.0,prod_prior-0p3,0.00029626274741815963,0.0,0.00014813137370907982,0.000209489397712338
Bf_Va,Bf,Va,True,4.0,prod_prior-0p3,0.07243266370012415,-0.3271716308666172,0.19980214728337067,0.2369470054828899
Bf_Vp,Bf,Vp,True,4.0,prod_prior-0p3,0.06743382408515786,-5.51304855263883,2.790241188361994,3.8986056266557565
Bt_Af,Bt,Af,True,4.0,prod_prior-0p3,0.0,0.0,0.0,0.0
Bt_Ao,Bt,Ao,True,4.0,prod_prior-0p3,0.0,0.0,0.0,0.0
Bt_As,Bt,As,True,4.0,prod_prior-0p3,0.0,0.0,0.0,0.0
Bt_Bl.s,Bt,Bl.s,True,4.0,prod_prior-0p3,0.009733562444283413,-2.7493375042714407,1.379535533357862,1.9440873764611728
Bt_Col,Bt,Col,True,4.0,prod_prior-0p3,0.8276846638250303,-8.770230781998054,4.798957722911542,6.229045266822089
Bt_Cs,Bt,Cs,True,4.0,prod_prior-0p3,-0.08270629408847431,1.48529632464017,0.7840013093643222,1.0518900852920532
Bt_Et,Bt,Et,True,4.0,prod_prior-0p3,0.4860376945253942,-8.160103409014493,4.323070551769944,5.7802906625147115
Bt_Eu.c,Bt,Eu.c,True,4.0,prod_prior-0p3,-0.6187493511861812,3.4988189844581736,2.0587841678221777,2.512427615434746
Bt_Eu.l,Bt,Eu.l,True,4.0,prod_prior-0p3,-0.7342494146895341,8.639772308078332,4.687010861383933,6.131263643752774
Bt_Im,Bt,Im,True,4.0,prod_prior-0p3,0.07811271948403942,-3.449702148940641,1.7639074342123402,2.4399330434820206
Bt_Ld,Bt,Ld,True,4.0,prod_prior-0p3,-0.04106596043780542,0.30202034582628207,0.17154315313204374,0.21552575530514492
Bt_Lsp,Bt,Lsp,True,4.0,prod_prior-0p3,-0.21509208600132426,4.69381250826721,2.4544522971342673,3.3225096288969667
Bt_Mi,Bt,Mi,True,4.0,prod_prior-0p3,-0.3792882825135173,0.6033905418679963,0.49133941219075683,0.5039542376386015
Bt_Pc,Bt,Pc,True,4.0,prod_prior-0p3,0.0001705280519516114,0.0,8.52640259758057e-05,0.00012058154191751629
Bt_Va,Bt,Va,True,4.0,prod_prior-0p3,0.6418231586292532,-1.2976864261063825,0.9697547923678178,1.0237008907521736
Bt_Vp,Bt,Vp,True,4.0,prod_prior-0p3,0.0,0.0,0.0,0.0
Bu_Af,Bu,Af,True,4.0,prod_prior-0p3,0.0,0.0,0.0,0.0
Bu_Ao,Bu,Ao,True,4.0,prod_prior-0p3,0.00012985553932139062,0.0,6.492776966069531e-05,9.182173242879166e-05
Bu_As,Bu,As,True,4.0,prod_prior-0p3,0.00015391209710969767,0.0,7.695604855484883e-05,0.00010883228757290964
Bu_Bl.s,Bu,Bl.s,True,4.0,prod_prior-0p3,0.0,0.0,0.0,0.0
Bu_Col,Bu,Col,True,4.0,prod_prior-0p3,1.337648428035625,-2.575856153344219,1.956752290689922,2.0523569669708355
Bu_Cs,Bu,Cs,True,4.0,prod_prior-0p3,-0.38385670089109736,2.8123774500097642,1.5981170754504308,2.00708904736965
Bu_Et,Bu,Et,True,4.0,prod_prior-0p3,0.30110068435064086,-1.7094477602764935,1.0052742223135671,1.2273698031218514
Bu_Eu.c,Bu,Eu.c,True,4.0,prod_prior-0p3,-0.800787283852458,8.734588243836304,4.767687763844381,6.202188809740606
Bu_Eu.l,Bu,Eu.l,True,4.0,prod_prior-0p3,-0.8943634309476312,8.851797377047523,4.8730804039975775,6.291033410772901
Bu_Im,Bu,Im,True,4.0,prod_prior-0p3,0.39323908267316676,-7.89834031801298,4.145789700343073,5.591887729349142
Bu_Ld,Bu,Ld,True,4.0,prod_prior-0p3,-0.3396247738042233,1.189628141557374,0.7646264576807986,0.8748028641262046
Bu_Lsp,Bu,Lsp,True,4.0,prod_prior-0p3,-0.34520771348979623,7.733390737967092,4.039299225728444,5.47377843319987
Bu_Mi,Bu,Mi,True,4.0,prod_prior-0p3,-0.8068594716311862,1.7162066484947667,1.2615330600629764,1.3409674618160197
Bu_Pc,Bu,Pc,True,4.0,prod_prior-0p3,0.033478331405344494,-4.5196825502970315,2.276580440851188,3.195985853702513
Bu_Va,Bu,Va,True,4.0,prod_prior-0p3,-0.2807952884214174,0.8989060046969873,0.5898506465592024,0.665912156098673
Bu_Vp,Bu,Vp,True,4.0,prod_prior-0p3,0.05411433873568221,-5.202200043177952,2.6281571909568173,3.6787099403797447
Bx_Af,Bx,Af,True,4.0,prod_prior-0p3,0.0,0.0,0.0,0.0
Bx_Ao,Bx,Ao,True,4.0,prod_prior-0p3,0.0,0.0,0.0,0.0
Bx_As,Bx,As,True,4.0,prod_prior-0p3,0.0,0.0,0.0,0.0
Bx_Bl.s,Bx,Bl.s,True,4.0,prod_prior-0p3,0.0,0.0,0.0,0.0
Bx_Col,Bx,Col,True,4.0,prod_prior-0p3,0.39413203263655266,-7.901186418001168,4.14765922531886,5.5939291589703
Bx_Cs,Bx,Cs,True,4.0,prod_prior-0p3,0.05534582479058405,-1.1213035134050202,0.5883246690978021,0.7938465624716758
Bx_Et,Bx,Et,True,4.0,prod_prior-0p3,1.0367460886609736,-9.001617633759782,5.019181861210377,6.407182004468457
Bx_Eu.c,Bx,Eu.c,True,4.0,prod_prior-0p3,0.4136294924918597,-0.504569134917529,0.45909931370469437,0.4613455152976438
Bx_Eu.l,Bx,Eu.l,True,4.0,prod_prior-0p3,-0.7436333757707814,8.653800434264523,4.698716905017652,6.14171199885004
Bx_Im,Bx,Im,True,4.0,prod_prior-0p3,2.5104709847676023,-9.687378653739758,6.09892481925368,7.0762903327341204
Bx_Ld,Bx,Ld,True,4.0,prod_prior-0p3,2.9966901776323365,-3.0025035817065855,2.999596879669461,2.999598288011163
Bx_Lsp,Bx,Lsp,True,4.0,prod_prior-0p3,0.22763770495772778,-2.904085265803557,1.5658614853806425,2.0597973390331075
Bx_Mi,Bx,Mi,True,4.0,prod_prior-0p3,4.581886900962795,-1.0505951728700287,2.816241036916412,3.3239613257732294
Bx_Pc,Bx,Pc,True,4.0,prod_prior-0p3,0.0,0.0,0.0,0.0
Bx_Va,Bx,Va,True,4.0,prod_prior-0p3,3.3748224420157173,-2.1250199036672885,2.749921172841503,2.8200297964839893
Bx_Vp,Bx,Vp,True,4.0,prod_prior-0p3,0.1438366489046065,-6.56820027866501,3.3560184637848085,4.645532471214857
Ba_Af,Ba,Af,True,4.0,prod_prior-0p3,0.009285235125965558,-2.6815319428566617,1.3454085889913137,1.8961407880418542
Ba_Ao,Ba,Ao,True,4.0,prod_prior-0p3,0.025155663036063116,-4.111485382283049,2.068320522659556,2.9073136102001422
Ba_As,Ba,As,True,4.0,prod_prior-0p3,0.08262875766862701,-5.798688500852238,2.9406586292604326,4.10070822185082
Ba_Bl.s,Ba,Bl.s,True,4.0,prod_prior-0p3,0.0,0.0,0.0,0.0
Ba_Col,Ba,Col,True,4.0,prod_prior-0p3,0.18893223997233374,-6.939523410120794,3.5642278250465638,4.908802325970943
Ba_Cs,Ba,Cs,True,4.0,prod_prior-0p3,-0.048111697016734366,1.1619238081698928,0.6050177525933136,0.8223082364241088
Ba_Et,Ba,Et,True,4.0,prod_prior-0p3,0.0032887182693629967,-1.1871150041773042,0.5952018612233336,0.8394202906800432
Ba_Eu.c,Ba,Eu.c,True,4.0,prod_prior-0p3,0.067113492782731,-5.506337901353717,2.786725697068224,3.893858067829255
Ba_Eu.l,Ba,Eu.l,True,4.0,prod_prior-0p3,-6.679000107807463e-10,0.0,3.3395000539037315e-10,4.722766267776339e-10
Ba_Im,Ba,Im,True,4.0,prod_prior-0p3,0.14512575857907012,-6.5804387739733725,3.3627822662762212,4.654204332848706
Ba_Ld,Ba,Ld,True,4.0,prod_prior-0p3,0.0,0.0,0.0,0.0
Ba_Lsp,Ba,Lsp,True,4.0,prod_prior-0p3,0.10900489649452684,-6.185323462070731,3.1471641792826293,4.374363290691711
Ba_Mi,Ba,Mi,True,4.0,prod_prior-0p3,0.5646021942856291,-8.33921840074424,4.451910297514934,5.910217389111143
Ba_Pc,Ba,Pc,True,4.0,prod_prior-0p3,9.965784284662087,-9.96539091352179,9.96558759909194,9.96558760103288
Ba_Va,Ba,Va,True,4.0,prod_prior-0p3,0.30665470435730746,-0.932457085205288,0.6195558947812978,0.6940869266359976
Ba_Vp,Ba,Vp,True,4.0,prod_prior-0p3,0.2770357557979093,-7.448860041410542,3.862947898604226,5.270781001261255
Csp_Af,Csp,Af,True,4.0,prod_prior-0p3,1.972723085837083,-9.54153865925203,5.757130872544557,6.889578955182806
Csp_Ao,Csp,Ao,True,4.0,prod_prior-0p3,1.7799570391020878,-9.469250939079172,5.62460398909063,6.813037516713851
Csp_As,Csp,As,True,4.0,prod_prior-0p3,2.350298253238611,-9.650862408060437,6.000580330649524,7.0236403345590865
Csp_Bl.s,Csp,Bl.s,True,4.0,prod_prior-0p3,0.0,0.0,0.0,0.0
Csp_Col,Csp,Col,True,4.0,prod_prior-0p3,0.0,0.0,0.0,0.0
Csp_Cs,Csp,Cs,True,4.0,prod_prior-0p3,-0.2328921381487973,2.7573304567837256,1.4951112974662615,1.956669363474405
Csp_Et,Csp,Et,True,4.0,prod_prior-0p3,-0.46289101355955775,0.6086970674824183,0.535794040520988,0.5407310839945723
Csp_Eu.c,Csp,Eu.c,True,4.0,prod_prior-0p3,0.00022037654375533686,0.0,0.00011018827187766843,0.0001558297485038526
Csp_Eu.l,Csp,Eu.l,True,4.0,prod_prior-0p3,0.0,0.0,0.0,0.0
Csp_Im,Csp,Im,True,4.0,prod_prior-0p3,0.8483733049604751,-8.796329661203623,4.822351483082049,6.248805996874132
Csp_Ld,Csp,Ld,True,4.0,prod_prior-0p3,0.0,0.0,0.0,0.0
Csp_Lsp,Csp,Lsp,True,4.0,prod_prior-0p3,0.0,0.0,0.0,0.0
Csp_Mi,Csp,Mi,True,4.0,prod_prior-0p3,0.5401584368867683,-8.28681009146013,4.413484264173449,5.8720947126585665
Csp_Pc,Csp,Pc,True,4.0,prod_prior-0p3,0.0,0.0,0.0,0.0
Csp_Va,Csp,Va,True,4.0,prod_prior-0p3,0.8784158656258417,-1.5833818442894267,1.2308988549576343,1.2803734802409381
Csp_Vp,Csp,Vp,True,4.0,prod_prior-0p3,0.8827003655775818,-8.83809666484495,4.8603985152112665,6.280569742966566
Dl_Af,Dl,Af,True,4.0,prod_prior-0p3,1.8044201791070056,-9.479181886702516,5.641801032904761,6.823152549370329
Dl_Ao,Dl,Ao,True,4.0,prod_prior-0p3,1.8793371445337772,-9.508173949501915,5.693755547017846,6.853367054113299
Dl_As,Dl,As,True,4.0,prod_prior-0p3,1.1114289969688913,-9.06922052119739,5.090324759083141,6.460883657728684
Dl_Bl.s,Dl,Bl.s,True,4.0,prod_prior-0p3,0.0,0.0,0.0,0.0
Dl_Col,Dl,Col,True,4.0,prod_prior-0p3,0.8386791434780856,-8.784126808936444,4.8114029762072645,6.2395619438058745
Dl_Cs,Dl,Cs,True,4.0,prod_prior-0p3,-0.056283966547349185,0.3079784034134197,0.18213118498038444,0.2213804212880875
Dl_Et,Dl,Et,True,4.0,prod_prior-0p3,-0.2848449065992336,0.6731998632196509,0.47902238490944227,0.5168823254157965
Dl_Eu.c,Dl,Eu.c,True,4.0,prod_prior-0p3,0.46550692968180946,-8.107392021595874,4.286449475638842,5.742233977008348
Dl_Eu.l,Dl,Eu.l,True,4.0,prod_prior-0p3,-1.0936498084028274e-12,0.0,5.468249042014137e-13,7.733271957650077e-13
Dl_Im,Dl,Im,True,4.0,prod_prior-0p3,1.1621470989195806,-9.111534722935252,5.1368409109274165,6.495023128780296
Dl_Ld,Dl,Ld,True,4.0,prod_prior-0p3,0.43352175776065943,-8.019857213444936,4.226689485602798,5.6791747128652705
Dl_Lsp,Dl,Lsp,True,4.0,prod_prior-0p3,0.08725119358832328,-5.874930854210972,2.9810910238996478,4.154661557367979
Dl_Mi,Dl,Mi,True,4.0,prod_prior-0p3,0.5950702201772339,-8.4008272236639,4.497948721920567,5.955166102166852
Dl_Pc,Dl,Pc,True,4.0,prod_prior-0p3,0.0,0.0,0.0,0.0
Dl_Va,Dl,Va,True,4.0,prod_prior-0p3,-0.0029601732632390135,1.0354354148590916,0.5191977940611653,0.7321663953535997
Dl_Vp,Dl,Vp,True,4.0,prod_prior-0p3,0.0,0.0,0.0,0.0
Ls_Af,Ls,Af,True,4.0,prod_prior-0p3,2.3805342440549193,-9.658143148014476,6.019338696034698,7.033728469121377
Ls_Ao,Ls,Ao,True,4.0,prod_prior-0p3,0.3774438775909667,-7.846742196899073,4.11209303724502,5.554899953434238
Ls_As,Ls,As,True,4.0,prod_prior-0p3,1.4164791132293146,-9.28857665696987,5.352527885099592,6.643947222495843
Ls_Cs,Ls,Cs,True,4.0,prod_prior-0p3,-0.05174996817965843,0.10443019971560698,0.0780900839476327,0.08241275938602353
Ls_Et,Ls,Et,True,4.0,prod_prior-0p3,-0.0037165427188705236,0.051816856677505296,0.02776669969818791,0.0367341756795924
Ls_Eu.c,Ls,Eu.c,True,4.0,prod_prior-0p3,0.23576545446621042,-7.236164443226183,3.735964948846197,5.119456084337991
Ls_Eu.l,Ls,Eu.l,True,4.0,prod_prior-0p3,-1.122160304286802e-12,0.0,5.61080152143401e-13,7.934871607395573e-13
Ls_Im,Ls,Im,True,4.0,prod_prior-0p3,-5.002685021986989e-06,0.0,2.5013425109934946e-06,3.5374325031873726e-06
Ls_Ld,Ls,Ld,True,4.0,prod_prior-0p3,0.0015506367251437423,-0.10331911723779576,0.05243487698146975,0.07306587596494943
Ls_Lsp,Ls,Lsp,True,4.0,prod_prior-0p3,0.0,0.0,0.0,0.0
Ls_Mi,Ls,Mi,True,4.0,prod_prior-0p3,-0.3432274907690038,7.72604192309347,4.034634706931237,5.468524888295628
Ls_Va,Ls,Va,True,4.0,prod_prior-0p3,2.8228962942835856,-3.2992338256582565,3.061065059970921,3.0703165410627955
Ls_Vp,Ls,Vp,True,4.0,prod_prior-0p3,0.3633073629006281,-7.798436812374937,4.080872087637783,5.5203083680416976
Mf_Af,Mf,Af,True,4.0,prod_prior-0p3,0.0012258277419944393,0.0,0.0006129138709972196,0.0008667911089308616
Mf_Ao,Mf,Ao,True,4.0,prod_prior-0p3,0.0017539341556873603,-0.2809513375151143,0.14135263583540084,0.19866646714601102
Mf_As,Mf,As,True,4.0,prod_prior-0p3,0.0008152289415872936,0.0,0.0004076144707936468,0.0005764539128159072
Mf_Bl.s,Mf,Bl.s,True,4.0,prod_prior-0p3,0.0,0.0,0.0,0.0
Mf_Col,Mf,Col,True,4.0,prod_prior-0p3,-0.0629792780483891,0.7181411520851765,0.3905602150667828,0.5097514609011536
Mf_Cs,Mf,Cs,True,4.0,prod_prior-0p3,-0.18663491644275443,4.66647735793068,2.4265561371867173,3.3023358039511437
Mf_Et,Mf,Et,True,4.0,prod_prior-0p3,0.021956896752869784,-3.9168746841811344,1.969415790467002,2.7696921667302736
Mf_Eu.c,Mf,Eu.c,True,4.0,prod_prior-0p3,-0.6379571894804892,3.744604483062917,2.1912808362717033,2.6859869796952425
Mf_Eu.l,Mf,Eu.l,True,4.0,prod_prior-0p3,-0.7442366145922007,8.654694469134233,4.6994655418632165,6.142378386771786
Mf_Im,Mf,Im,True,4.0,prod_prior-0p3,-0.11654350302945339,1.3765898765805755,0.7465666898050145,0.9768782105263942
Mf_Ld,Mf,Ld,True,4.0,prod_prior-0p3,0.0,0.0,0.0,0.0
Mf_Lsp,Mf,Lsp,True,4.0,prod_prior-0p3,-0.21600761448867706,5.33159603697413,2.7738018257314034,3.7731005546496728
Mf_Mi,Mf,Mi,True,4.0,prod_prior-0p3,-0.2773297138396071,0.37654682441690096,0.326938269128254,0.33068057181879523
Mf_Pc,Mf,Pc,True,4.0,prod_prior-0p3,0.0,0.0,0.0,0.0
Mf_Va,Mf,Va,True,4.0,prod_prior-0p3,0.4555798513393666,-0.8626620791544533,0.6591209652469099,0.6898329014179752
Mf_Vp,Mf,Vp,True,4.0,prod_prior-0p3,0.8411032742335832,-8.78719566133139,4.814149467782487,6.2418852243712255
Pm_Af,Pm,Af,True,4.0,prod_prior-0p3,0.023666621393667875,-4.024198351889958,2.023932486641813,2.845587152445172
Pm_As,Pm,As,True,4.0,prod_prior-0p3,0.29151802512253133,-7.515369458824381,3.9034437419734562,5.318165137601578
Pm_Bl.s,Pm,Bl.s,True,4.0,prod_prior-0p3,0.0,0.0,0.0,0.0
Pm_Col,Pm,Col,True,4.0,prod_prior-0p3,0.5687101006332328,-0.8399218923853399,0.7043159965092863,0.7172516866032566
Pm_Cs,Pm,Cs,True,4.0,prod_prior-0p3,-0.10395844323453643,2.213037206474062,1.1584978248542994,1.566579240759667
Pm_Et,Pm,Et,True,4.0,prod_prior-0p3,0.08859290809376238,-0.858214498810734,0.4734037034522482,0.6100741058811909
Pm_Eu.c,Pm,Eu.c,True,4.0,prod_prior-0p3,0.942349649879609,-0.5978397302168501,0.7700946900482295,0.7891245800423333
Pm_Eu.l,Pm,Eu.l,True,4.0,prod_prior-0p3,-1.021043808741687,8.986525546597603,5.003784677669645,6.395317500289609
Pm_Im,Pm,Im,True,4.0,prod_prior-0p3,0.000439434322308291,0.0,0.0002197171611541455,0.0003107269891903075
Pm_Ld,Pm,Ld,True,4.0,prod_prior-0p3,-0.17653574697078464,0.5762441563775921,0.37638995167418837,0.4261585372357661
Pm_Lsp,Pm,Lsp,True,4.0,prod_prior-0p3,-0.3097721864219534,7.594181673059062,3.9519769297405074,5.374362943219725
Pm_Mi,Pm,Mi,True,4.0,prod_prior-0p3,-0.2985456687046389,0.29744004482381775,0.2979928567642283,0.2979933695295037
Pm_Pc,Pm,Pc,True,4.0,prod_prior-0p3,1.4798838611032292,-9.325265711277115,5.402574786190172,6.676474999139684
Pm_Va,Pm,Va,True,4.0,prod_prior-0p3,0.37934854998751444,-0.8230254731592517,0.6011870115733831,0.6408105226377918
Pm_Vp,Pm,Vp,True,4.0,prod_prior-0p3,0.04565138022024216,-4.961054700208887,2.5033530402145647,3.508143938536495
Bd_Af,Bd,Af,True,4.0,prod_prior-0p3,2.868641863385692e-05,0.0,1.434320931692846e-05,2.0284361143956365e-05
Bd_Ao,Bd,Ao,True,4.0,prod_prior-0p3,0.00038735406400156546,0.0,0.00019367703200078273,0.0002739006853756749
Bd_As,Bd,As,True,4.0,prod_prior-0p3,0.0,0.0,0.0,0.0
Bd_Bl.s,Bd,Bl.s,True,4.0,prod_prior-0p3,0.0599683829136511,-5.347483461640214,2.7037259222769325,3.78147957679695
Bd_Col,Bd,Col,True,4.0,prod_prior-0p3,0.24456323793211177,-7.284742757171098,3.7646529975516048,5.153993025582428
Bd_Cs,Bd,Cs,True,4.0,prod_prior-0p3,-0.24984284956293276,3.6168451089912486,1.9333439792770906,2.5635902550828638
Bd_Et,Bd,Et,True,4.0,prod_prior-0p3,0.1952987456110143,-3.9388646172209274,2.0670816814159707,2.7886193781898774
Bd_Eu.l,Bd,Eu.l,True,4.0,prod_prior-0p3,-0.7388850937912472,8.646730659154121,4.692807876472684,6.136444502877166
Bd_Im,Bd,Im,True,4.0,prod_prior-0p3,0.024168765327777512,-1.2024317299738483,0.6133002476508129,0.8504193655089737
Bd_Ld,Bd,Ld,True,4.0,prod_prior-0p3,0.14767487749206035,-6.604306574198959,3.3759907258455097,4.67111727509864
Bd_Lsp,Bd,Lsp,True,4.0,prod_prior-0p3,-0.26352116323071756,7.3840081991128415,3.8237646811717796,5.2246062286088195
Bd_Mi,Bd,Mi,True,4.0,prod_prior-0p3,0.14485665763671257,-6.5778934598345575,3.3613750587356352,4.652400768431065
Bd_Pc,Bd,Pc,True,4.0,prod_prior-0p3,0.0,0.0,0.0,0.0
Bd_Va,Bd,Va,True,4.0,prod_prior-0p3,-0.3293541867783541,1.4962451424499248,0.9127996646141394,1.0833336758943264
Bd_Vp,Bd,Vp,True,4.0,prod_prior-0p3,3.4924472656417463e-05,0.0,1.7462236328208732e-05,2.4695331444716945e-05
Bv_Af,Bv,Af,True,4.0,prod_prior-0p3,0.0,0.0,0.0,0.0
Bv_Ao,Bv,Ao,True,4.0,prod_prior-0p3,5.0145377291768305e-05,0.0,2.5072688645884152e-05,3.545813632816728e-05
Bv_As,Bv,As,True,4.0,prod_prior-0p3,0.001647509568621149,-0.1906967949927664,0.09617215228069377,0.1348480291073842
Bv_Bl.s,Bv,Bl.s,True,4.0,prod_prior-0p3,0.0,0.0,0.0,0.0
Bv_Col,Bv,Col,True,4.0,prod_prior-0p3,0.3539104066614039,-7.7651344219238485,4.059522414292626,5.496479107869412
Bv_Cs,Bv,Cs,True,4.0,prod_prior-0p3,-0.034390469943646584,0.6878153232540958,0.3611028965988712,0.48696643792261557
Bv_Et,Bv,Et,True,4.0,prod_prior-0p3,0.11531567826119213,-6.263404684464971,3.1893601813630816,4.429646484034058
Bv_Eu.c,Bv,Eu.c,True,4.0,prod_prior-0p3,0.0007735042701038002,0.0,0.0003867521350519001,0.000546950114667148
Bv_Eu.l,Bv,Eu.l,True,4.0,prod_prior-0p3,-3.4597319664410187e-07,0.0,1.7298659832205094e-07,2.4463999345583134e-07
Bv_Im,Bv,Im,True,4.0,prod_prior-0p3,0.08911895777951057,-5.904563976036207,2.996841466907859,4.175632762572651
Bv_Ld,Bv,Ld,True,4.0,prod_prior-0p3,0.09990098033527146,-6.0639982952604585,3.081949637797865,4.2884761588933715
Bv_Lsp,Bv,Lsp,True,4.0,prod_prior-0p3,-0.0923888223032123,3.598908406456382,1.8456486143797972,2.545650939597669
Bv_Mi,Bv,Mi,True,4.0,prod_prior-0p3,-0.5079249968331591,1.780551459989122,1.1442382284111405,1.3092653100264586
Bv_Pc,Bv,Pc,True,4.0,prod_prior-0p3,0.0,0.0,0.0,0.0
Bv_Va,Bv,Va,True,4.0,prod_prior-0p3,0.007955437368498816,-0.026876727509125786,0.017416082438812302,0.01981978134748093
Bv_Vp,Bv,Vp,True,4.0,prod_prior-0p3,0.008929198725529601,-2.6253020492449486,1.317115623985239,1.856379619091904
Rg_Af,Rg,Af,True,4.0,prod_prior-0p3,0.11877243843616664,-6.304311090120475,3.2115417642783206,4.458612183917103
Rg_Ao,Rg,Ao,True,4.0,prod_prior-0p3,1.1413128502526866,-9.094481940110832,5.1178973951817595,6.481211182377642
Rg_As,Rg,As,True,4.0,prod_prior-0p3,0.0,0.0,0.0,0.0
Rg_Col,Rg,Col,True,4.0,prod_prior-0p3,0.5992640116110969,-1.7837167266175329,1.1914903691143148,1.3305567850391413
Rg_Cs,Rg,Cs,True,4.0,prod_prior-0p3,-0.09384390218888657,5.976757113038659,3.035300507613773,4.226726408595442
Rg_Et,Rg,Et,True,4.0,prod_prior-0p3,0.1592028882174772,-2.5465011029968596,1.3528519956071685,1.8041637158502286
Rg_Eu.l,Rg,Eu.l,True,4.0,prod_prior-0p3,-0.00026385691664385005,0.0,0.00013192845832192502,0.00018657501502184
Rg_Im,Rg,Im,True,4.0,prod_prior-0p3,0.6559072522328077,-8.513031762319,4.584469507275904,6.037463213543571
Rg_Ld,Rg,Ld,True,4.0,prod_prior-0p3,0.3426886462950878,-7.724033965224955,4.033361305760021,5.467089545830043
Rg_Lsp,Rg,Lsp,True,4.0,prod_prior-0p3,0.0,0.0,0.0,0.0
Rg_Mi,Rg,Mi,True,4.0,prod_prior-0p3,0.06636188850389677,-0.0769117512870846,0.07163681989549069,0.0718307654555135
Rg_Pc,Rg,Pc,True,4.0,prod_prior-0p3,0.3298631753971534,-7.67516713920006,4.002515157298607,5.432172692815442
Rg_Va,Rg,Va,True,4.0,prod_prior-0p3,0.11279863992128365,-6.232933566588924,3.172866103255104,4.408071255020671
Rg_Vp,Rg,Vp,True,4.0,prod_prior-0p3,0.24339503706265375,-7.278402595129471,3.7608988160960624,5.14948470630092
